engine,M,N,K,L,a_major,b_major,c_major,ab_dtype,c_dtype,acc_dtype,atom_layout_mnk,warmup,iters,use_cold_l2,avg_time_us,gflops,device_name,sm_major,sm_minor
cutlass_dsl,4096,128,4096,1,m,n,n,fp16,fp16,fp32,"2,2,1",2,100,0,160.399,26776.710820,NVIDIA GeForce RTX 3090,8,6
cublas,4096,128,4096,1,m,n,n,fp16,fp16,(FP32 accumulate),N/A,2,100,0,160.737,26720.416981,NVIDIA GeForce RTX 3090,8,6
cutlass_dsl,128,8192,4096,1,m,n,n,fp16,fp16,fp32,"2,2,1",2,100,0,161.711,53119.141320,NVIDIA GeForce RTX 3090,8,6
cublas,128,8192,4096,1,m,n,n,fp16,fp16,(FP32 accumulate),N/A,2,100,0,161.905,53055.518245,NVIDIA GeForce RTX 3090,8,6
cutlass_dsl,128,4096,8192,1,m,n,n,fp16,fp16,fp32,"2,2,1",2,100,0,315.700,27209.127972,NVIDIA GeForce RTX 3090,8,6
cublas,128,4096,8192,1,m,n,n,fp16,fp16,(FP32 accumulate),N/A,2,100,0,161.503,53187.445695,NVIDIA GeForce RTX 3090,8,6
cutlass_dsl,4096,4096,4096,1,m,n,n,fp16,fp16,fp32,"2,2,1",2,100,0,2031.514,67653.472076,NVIDIA GeForce RTX 3090,8,6
cublas,4096,4096,4096,1,m,n,n,fp16,fp16,(FP32 accumulate),N/A,2,100,0,1920.328,71570.576306,NVIDIA GeForce RTX 3090,8,6
cutlass_dsl,4608,256,4096,1,m,n,n,fp16,fp16,fp32,"2,2,1",2,100,0,140.401,68829.291047,NVIDIA GeForce RTX 3090,8,6
cublas,4608,256,4096,1,m,n,n,fp16,fp16,(FP32 accumulate),N/A,2,100,0,139.655,69196.762456,NVIDIA GeForce RTX 3090,8,6
cutlass_dsl,256,8192,4608,1,m,n,n,fp16,fp16,fp32,"2,2,1",2,100,0,309.514,62444.148139,NVIDIA GeForce RTX 3090,8,6
cublas,256,8192,4608,1,m,n,n,fp16,fp16,(FP32 accumulate),N/A,2,100,0,266.137,72621.831455,NVIDIA GeForce RTX 3090,8,6
cutlass_dsl,256,4608,8192,1,m,n,n,fp16,fp16,fp32,"2,2,1",2,100,0,276.286,69954.129936,NVIDIA GeForce RTX 3090,8,6
cublas,256,4608,8192,1,m,n,n,fp16,fp16,(FP32 accumulate),N/A,2,100,0,281.590,68636.562302,NVIDIA GeForce RTX 3090,8,6
cutlass_dsl,4608,4608,36864,1,m,n,n,fp16,fp16,fp32,"2,2,1",2,100,0,20860.764,75045.936351,NVIDIA GeForce RTX 3090,8,6
cublas,4608,4608,36864,1,m,n,n,fp16,fp16,(FP32 accumulate),N/A,2,100,0,19809.779,79027.412432,NVIDIA GeForce RTX 3090,8,6
cutlass_dsl,3584,256,4096,1,m,n,n,fp16,fp16,fp32,"2,2,1",2,100,0,140.502,53495.365085,NVIDIA GeForce RTX 3090,8,6
cublas,3584,256,4096,1,m,n,n,fp16,fp16,(FP32 accumulate),N/A,2,100,0,157.604,47690.417670,NVIDIA GeForce RTX 3090,8,6
cutlass_dsl,256,8192,3584,1,m,n,n,fp16,fp16,fp32,"2,2,1",2,100,0,241.797,62169.414393,NVIDIA GeForce RTX 3090,8,6
cublas,256,8192,3584,1,m,n,n,fp16,fp16,(FP32 accumulate),N/A,2,100,0,208.630,72052.929949,NVIDIA GeForce RTX 3090,8,6
cutlass_dsl,256,3584,8192,1,m,n,n,fp16,fp16,fp32,"2,2,1",2,100,0,274.821,54698.798448,NVIDIA GeForce RTX 3090,8,6
cublas,256,3584,8192,1,m,n,n,fp16,fp16,(FP32 accumulate),N/A,2,100,0,297.789,50479.914695,NVIDIA GeForce RTX 3090,8,6
cutlass_dsl,3584,3584,14336,1,m,n,n,fp16,fp16,fp32,"2,2,1",2,100,0,5100.802,72203.046794,NVIDIA GeForce RTX 3090,8,6
cublas,3584,3584,14336,1,m,n,n,fp16,fp16,(FP32 accumulate),N/A,2,100,0,5065.789,72702.082544,NVIDIA GeForce RTX 3090,8,6
cutlass_dsl,3072,256,4096,1,m,n,n,fp16,fp16,fp32,"2,2,1",2,100,0,140.706,45786.532161,NVIDIA GeForce RTX 3090,8,6
cublas,3072,256,4096,1,m,n,n,fp16,fp16,(FP32 accumulate),N/A,2,100,0,108.186,59549.987747,NVIDIA GeForce RTX 3090,8,6
cutlass_dsl,256,8192,3072,1,m,n,n,fp16,fp16,fp32,"2,2,1",2,100,0,208.436,61817.112885,NVIDIA GeForce RTX 3090,8,6
cublas,256,8192,3072,1,m,n,n,fp16,fp16,(FP32 accumulate),N/A,2,100,0,179.054,71960.947607,NVIDIA GeForce RTX 3090,8,6
cutlass_dsl,256,3072,8192,1,m,n,n,fp16,fp16,fp32,"2,2,1",2,100,0,274.852,46879.446109,NVIDIA GeForce RTX 3090,8,6
cublas,256,3072,8192,1,m,n,n,fp16,fp16,(FP32 accumulate),N/A,2,100,0,190.688,67570.711405,NVIDIA GeForce RTX 3090,8,6
cutlass_dsl,3072,3072,24576,1,m,n,n,fp16,fp16,fp32,"2,2,1",2,100,0,6775.050,68465.393558,NVIDIA GeForce RTX 3090,8,6
cublas,3072,3072,24576,1,m,n,n,fp16,fp16,(FP32 accumulate),N/A,2,100,0,6097.408,76074.371335,NVIDIA GeForce RTX 3090,8,6
cutlass_dsl,2048,256,4096,1,m,n,n,fp16,fp16,fp32,"2,2,1",2,100,0,140.278,30617.593039,NVIDIA GeForce RTX 3090,8,6
cublas,2048,256,4096,1,m,n,n,fp16,fp16,(FP32 accumulate),N/A,2,100,0,72.980,58851.162481,NVIDIA GeForce RTX 3090,8,6
cutlass_dsl,256,8192,2048,1,m,n,n,fp16,fp16,fp32,"2,2,1",2,100,0,141.783,60585.065481,NVIDIA GeForce RTX 3090,8,6
cublas,256,8192,2048,1,m,n,n,fp16,fp16,(FP32 accumulate),N/A,2,100,0,126.266,68030.334308,NVIDIA GeForce RTX 3090,8,6
cutlass_dsl,256,2048,8192,1,m,n,n,fp16,fp16,fp32,"2,2,1",2,100,0,276.941,31017.222751,NVIDIA GeForce RTX 3090,8,6
cublas,256,2048,8192,1,m,n,n,fp16,fp16,(FP32 accumulate),N/A,2,100,0,140.831,60994.751498,NVIDIA GeForce RTX 3090,8,6
cutlass_dsl,2048,2048,16384,1,m,n,n,fp16,fp16,fp32,"2,2,1",2,100,0,2402.447,57207.893884,NVIDIA GeForce RTX 3090,8,6
cublas,2048,2048,16384,1,m,n,n,fp16,fp16,(FP32 accumulate),N/A,2,100,0,1814.517,75744.082785,NVIDIA GeForce RTX 3090,8,6
